timestamp,open,high,low,close,volume,close_time,quote_av,trades,tb_base_av,tb_quote_av,ignore,symbol
2017-08-02,0.7,0.7,0.082,0.23,55.053,1501718399999.0,12.45286213,110.0,29.734,8.47195566,2965.056253,
2017-08-03,0.2,0.2599,0.12,0.12,36.045,1501804799999.0,5.80043145,70.0,0.868,0.18447002,2965.056253,
2017-08-04,0.120001,0.12006,0.093501,0.093501,4.803,1501891199999.0,0.54854649,13.0,0.818,0.07648381,2965.056253,
2017-08-05,0.0935,0.0935,0.08,0.08,4.519,1501977599999.0,0.40701559,16.0,1.013,0.08344,2965.056253,
2017-08-06,0.055,0.08,0.055,0.0561,7.907,1502063999999.0,0.43941234,7.0,0.125,0.01,2965.056253,
2017-08-07,0.0691,0.101,0.0691,0.099999,25.787,1502150399999.0,2.52398595,23.0,23.412,2.33577353,2965.056253,
2017-08-08,0.099999,0.101,0.0781,0.099999,22.416,1502236799999.0,2.21163914,22.0,8.668,0.86679102,2965.056253,
2017-08-09,0.080001,0.082004,0.080001,0.082004,9.115,1502323199999.0,0.74521019,4.0,0.0,0.0,2965.056253,
2017-08-10,0.082004,0.1,0.082004,0.082006,8.682,1502409599999.0,0.75595477,14.0,2.469,0.24630598,2965.056253,
2017-08-11,0.082006,0.15,0.082005,0.082005,18.646,1502495999999.0,1.71900098,25.0,15.372,1.43620134,2965.056253,
2017-08-12,0.082005,0.09,0.082005,0.082005,7.706,1502582399999.0,0.63770291,6.0,0.722,0.06498,2965.056253,
2017-08-13,0.082005,0.082005,0.082005,0.082005,5.889,1502668799999.0,0.48292744,3.0,0.0,0.0,2965.056253,
2017-08-14,0.082005,0.16,0.082005,0.082006,16.855,1502755199999.0,1.79949774,23.0,2.865,0.40679198,2965.056253,
2017-08-15,0.082006,0.082006,0.082006,0.082006,1.066,1502841599999.0,0.08741839,3.0,0.0,0.0,2965.056253,
2017-08-16,0.082006,0.082006,0.051,0.051,2.249,1502927999999.0,0.12220412,3.0,0.0,0.0,2965.056253,
2017-08-17,0.06001,0.16,0.06001,0.16,39.627,1503014399999.0,6.23906096,18.0,39.591,6.2369006,2965.056253,
2017-08-18,0.18,0.25,0.0901,0.2,121.221,1503100799999.0,19.60799935,110.0,55.275,9.2590715,2965.056253,
2017-08-19,0.2,0.499999,0.122,0.292,71.909,1503187199999.0,17.69404524,186.0,34.561,7.90820426,2965.056253,
2017-08-20,0.292,0.4,0.26,0.3399,11.607,1503273599999.0,3.75940996,62.0,4.954,1.84519948,2965.056253,
2017-08-21,0.3399,0.3399,0.195,0.25,8.809,1503359999999.0,2.08061635,47.0,6.079,1.467976,2965.056253,
2017-08-22,0.249999,0.4,0.2222,0.3551,30.719,1503446399999.0,10.7799362,120.0,16.101,5.68949481,2965.056253,
2017-08-23,0.355,0.36,0.26,0.35,17.923,1503532799999.0,5.69385344,36.0,6.663,2.31593745,2965.056253,
2017-08-24,0.349998,0.35,0.281,0.3,8.911,1503619199999.0,2.88997487,24.0,5.563,1.93190179,2965.056253,
2017-08-25,0.3,0.3,0.200011,0.220001,3.927,1503705599999.0,1.00268843,17.0,0.423,0.124335,2965.056253,
2017-08-26,0.220002,0.27,0.155,0.27,6.868,1503791999999.0,1.45267513,25.0,4.19,0.92205836,2965.056253,
2017-08-27,0.155,0.162001,0.15,0.160101,7.747,1503878399999.0,1.21193095,14.0,0.0,0.0,2965.056253,
2017-08-28,0.160101,0.16011,0.15,0.15,7.198,1503964799999.0,1.15217124,14.0,0.537,0.08597423,2965.056253,
2017-08-29,0.15,0.15,0.12,0.12,2.421,1504051199999.0,0.34959766,13.0,0.136,0.01644199,2965.056253,
2017-08-30,0.120002,0.149998,0.120001,0.139997,9.533,1504137599999.0,1.17413205,16.0,1.136,0.15991654,2965.056253,
2017-08-31,0.139997,0.15,0.121,0.12522,5.529,1504223999999.0,0.73715857,18.0,2.968,0.41969985,2965.056253,
2017-09-01,0.1253,0.18,0.1253,0.13,7.797,1504310399999.0,1.15984653,38.0,4.98,0.7739621,2965.056253,
2017-09-02,0.13,0.17999,0.13,0.16,1.462,1504396799999.0,0.22759932,8.0,1.279,0.19933932,2965.056253,
2017-09-03,0.131003,0.131021,0.131001,0.131001,2.01,1504483199999.0,0.26332269,9.0,0.0,0.0,2965.056253,
2017-09-04,0.131105,0.176,0.131001,0.13101,24.501,1504569599999.0,3.49742295,35.0,4.362,0.73881779,2965.056253,
2017-09-05,0.13101,0.16,0.13101,0.131011,13.532,1504655999999.0,1.82990014,16.0,1.403,0.21978,2965.056253,
2017-09-06,0.131012,0.16,0.131001,0.16,20.754,1504742399999.0,3.00146508,32.0,0.776,0.12160788,2965.056253,
2017-09-07,0.16,0.169,0.14101,0.144,12.149,1504828799999.0,1.92065227,31.0,2.067,0.330972,2965.056253,
2017-09-08,0.144,0.174,0.144,0.144022,5.386,1504915199999.0,0.81838465,28.0,2.037,0.33609685,2965.056253,
2017-09-09,0.144022,0.144022,0.140001,0.140001,5.197,1505001599999.0,0.72847171,7.0,0.0,0.0,2965.056253,
2017-09-10,0.140002,0.140002,0.133001,0.1337,4.373,1505087999999.0,0.60964787,17.0,0.696,0.09744067,2965.056253,
2017-09-11,0.1337,0.167777,0.131002,0.167776,0.056,1505174399999.0,0.00827706,6.0,0.025,0.00419441,3119.056253,
2017-09-12,0.167772,0.167775,0.131003,0.1315,3.024,1505260799999.0,0.43401596,15.0,1.017,0.1706257,3119.056253,
2017-09-13,0.14,0.14,0.124571,0.130931,1962.188,1505347199999.0,253.66092248,5836.0,989.512,127.89252564,3167.58282657,
2017-09-14,0.130931,0.132333,0.120294,0.120294,594.712,1505433599999.0,76.91841619,2297.0,293.144,37.89442211,3193.78186802,
2017-09-15,0.119691,0.12756,0.101322,0.118268,2730.847,1505519999999.0,320.32465635,7454.0,1105.672,131.44558239,3243.66969436,
2017-09-16,0.114432,0.125117,0.112701,0.12199,2809.776,1505606399999.0,334.84038669,7782.0,1130.836,135.78780299,3284.03192642,
2017-09-17,0.12199,0.121992,0.116963,0.120289,2123.364,1505692799999.0,254.9940756,6918.0,1177.436,142.26606825,3362.29614997,
2017-09-18,0.118011,0.123979,0.116803,0.119709,1371.327,1505779199999.0,164.16274948,4926.0,802.656,96.61057765,3383.9165697,
2017-09-19,0.119709,0.140403,0.116803,0.137662,1447.303,1505865599999.0,178.4537381,4775.0,1060.578,130.55602927,3283.67820916,
2017-09-20,0.135224,0.135823,0.121384,0.123892,3440.139,1505951999999.0,433.3465836,6425.0,1753.403,221.92067986,3313.44743108,
2017-09-21,0.12389,0.123971,0.115375,0.116134,4587.692,1506038399999.0,552.33066112,7499.0,2623.529,315.79659434,3528.82879886,
2017-09-22,0.116134,0.116758,0.111853,0.113501,4667.51,1506124799999.0,533.65381146,7316.0,2823.734,323.25723397,3726.36482779,
2017-09-23,0.113501,0.114899,0.112,0.113215,2484.74,1506211199999.0,281.50156618,4763.0,1185.004,134.41714489,3771.43857004,
2017-09-24,0.113728,0.115999,0.113704,0.11523,2821.064,1506297599999.0,323.31932729,5734.0,1649.557,189.39896108,3808.04305564,
2017-09-25,0.11523,0.119999,0.111855,0.115148,3557.853,1506383999999.0,408.38564115,5796.0,1150.953,132.25121244,4283.86066344,
2017-09-26,0.115146,0.117683,0.11397,0.115509,2919.525,1506470399999.0,338.3161725,5096.0,1075.105,124.72575725,4453.0166515,
2017-09-27,0.115174,0.116029,0.109132,0.110568,6450.354,1506556799999.0,725.14546999,8058.0,3397.946,382.36643173,4637.28691988,
2017-09-28,0.109982,0.117395,0.105457,0.108794,5799.237,1506643199999.0,640.32771645,7449.0,3460.268,381.9594263,4823.87088624,
2017-09-29,0.109458,0.109978,0.1039,0.104948,4584.467,1506729599999.0,488.48873507,5828.0,2135.715,228.72396434,4676.37095175,
2017-09-30,0.104948,0.105921,0.099286,0.103049,5857.898,1506815999999.0,608.073222,7781.0,2905.354,302.07751589,4937.00973958,
2017-10-01,0.103676,0.103676,0.093857,0.09489,3611.07,1506902399999.0,357.68676457,6230.0,1935.817,191.45183971,5258.81423939,
2017-10-02,0.094891,0.098,0.091708,0.095476,6560.684,1506988799999.0,620.53930012,7554.0,3167.812,299.8974005,5702.8735684,
2017-10-03,0.095476,0.09601,0.09,0.093435,4812.949,1507075199999.0,451.03682665,6047.0,2438.367,229.04949764,5953.27850152,
2017-10-04,0.093435,0.093436,0.083365,0.084349,5030.235,1507161599999.0,449.40922564,6423.0,2761.035,246.665049,6481.06402934,
2017-10-05,0.084349,0.086067,0.0811,0.082264,4686.482,1507247999999.0,389.89384296,5608.0,2201.743,183.55960684,6314.5823291,
2017-10-06,0.082264,0.086,0.081788,0.083301,3090.478,1507334399999.0,259.8763896,3972.0,1284.754,108.1477604,6536.72943988,
2017-10-07,0.084061,0.084776,0.08018,0.080676,4005.124,1507420799999.0,330.75482524,4504.0,2428.571,200.81555494,6678.82470758,
2017-10-08,0.0812,0.082057,0.07,0.074295,1601.697,1507507199999.0,128.83844573,1835.0,833.251,67.14954008,6779.54312837,
2017-10-09,0.074421,0.074682,0.05845,0.065587,3262.932,1507593599999.0,226.31906537,4494.0,1525.148,105.96026478,6960.15002753,
2017-10-10,0.065509,0.072947,0.06324,0.066663,6096.829,1507679999999.0,409.95027647,6416.0,3298.47,222.08963931,7455.44383048,
2017-10-11,0.066886,0.067216,0.06324,0.065154,3048.302,1507766399999.0,201.27511974,3007.0,1861.029,123.10937278,7614.92319326,
2017-10-12,0.064512,0.065153,0.056213,0.057172,6222.321,1507852799999.0,376.00238534,5885.0,3226.597,195.07751512,7624.91676185,
2017-10-13,0.057472,0.058275,0.051862,0.056502,10727.608,1507939199999.0,593.4456096,7388.0,5311.401,294.44886376,7867.84177027,
2017-10-14,0.056502,0.05823,0.054511,0.055503,9482.041,1508025599999.0,534.03024719,5735.0,4166.668,235.45104433,7880.24837259,
2017-10-15,0.055174,0.057166,0.05341,0.055276,10026.579,1508111999999.0,560.27744503,6116.0,4866.961,272.85783065,8058.83145924,
2017-10-16,0.055276,0.056294,0.054437,0.054665,9787.81,1508198399999.0,544.33966234,5614.0,3935.038,219.65561178,8542.80426634,
2017-10-17,0.054451,0.077525,0.054206,0.065999,14360.87,1508284799999.0,906.71205835,8045.0,5767.854,363.89357777,10101.96679013,
2017-10-18,0.066,0.068184,0.059,0.061185,14033.575,1508371199999.0,883.99394151,6502.0,5888.826,367.75861294,10819.04874611,
2017-10-19,0.061079,0.061079,0.056628,0.057557,10056.37,1508457599999.0,587.98212922,4896.0,3224.864,189.46355867,10963.79440619,
2017-10-20,0.057558,0.0591,0.053,0.054085,8099.128,1508543999999.0,457.42211645,3855.0,3265.463,185.74996503,11901.50423928,
2017-10-21,0.054086,0.054545,0.05133,0.053392,7495.292,1508630399999.0,396.62804329,2865.0,2181.014,115.83158473,11887.93895496,
2017-10-22,0.053436,0.060544,0.053392,0.054572,5379.909,1508716799999.0,304.69611237,2687.0,2361.856,135.29418619,12170.17981838,
2017-10-23,0.054571,0.055608,0.050266,0.052692,5293.727,1508803199999.0,286.2296682,2338.0,2993.328,162.28202034,12141.80242607,
2017-10-24,0.052686,0.059819,0.0522,0.058089,8132.519,1508889599999.0,468.86206345,3650.0,3749.475,216.50281305,13134.39387807,
2017-10-25,0.058089,0.059857,0.057781,0.057965,9834.381,1508975999999.0,577.67644476,4072.0,3868.398,227.85226845,13298.20729442,
2017-10-26,0.057782,0.062,0.05516,0.057272,8571.29,1509062399999.0,492.89682125,4109.0,3845.938,221.83829304,13805.12198976,
2017-10-27,0.057272,0.064797,0.056799,0.063501,10037.943,1509148799999.0,612.79259916,4783.0,4698.302,285.98632611,13328.07581869,
2017-10-28,0.063507,0.074282,0.062548,0.073522,12332.522,1509235199999.0,825.50347115,6633.0,4659.005,314.81588927,14505.62339213,
2017-10-29,0.073109,0.091,0.070001,0.074899,17354.531,1509321599999.0,1355.4289915,10066.0,7247.294,569.77194256,15899.95412996,
2017-10-30,0.074793,0.078219,0.06797,0.073401,10015.679,1509407999999.0,731.38681438,5654.0,4562.577,333.88519164,19312.24386488,
2017-10-31,0.073401,0.075262,0.066061,0.067146,8197.0,1509494399999.0,580.30777838,5216.0,2452.983,174.9466924,19551.61513736,
2017-11-01,0.067147,0.081611,0.066775,0.079997,13132.33,1509580799999.0,979.01185,7182.0,4119.205,307.88303513,19950.092298,
2017-11-02,0.079994,0.085,0.071603,0.082011,16237.614,1509667199999.0,1265.08545312,11169.0,5876.117,460.21489714,23247.12471653,
2017-11-03,0.081383,0.09432,0.080371,0.087283,18105.762,1509753599999.0,1610.15806633,15834.0,7311.186,650.06928739,26784.74787015,
2017-11-04,0.0874,0.0888,0.08002,0.083419,11487.773,1509839999999.0,972.14566462,7909.0,3885.554,329.46498336,28151.25675847,
2017-11-05,0.08342,0.0858,0.075311,0.085003,8514.864,1509926399999.0,684.57468746,7722.0,3027.035,243.16486892,28476.92255094,
2017-11-06,0.085003,0.090859,0.083316,0.084652,9249.306,1510012799999.0,798.43951319,6856.0,3224.958,278.66309014,28324.5554824,
2017-11-07,0.0847,0.086441,0.0832,0.085206,9790.204,1510099199999.0,831.38262686,5918.0,2680.53,227.5450953,27617.53600374,
2017-11-08,0.085221,0.088,0.075455,0.083102,13761.111,1510185599999.0,1146.10406069,10861.0,4663.401,382.11125873,26387.39209495,
2017-11-09,0.082979,0.09525,0.082703,0.092783,10976.659,1510271999999.0,959.87652179,9349.0,3961.916,349.07426488,25860.03695122,
2017-11-10,0.092783,0.16105,0.090213,0.1524,48627.65,1510358399999.0,6265.98522817,42783.0,22683.25,2969.78398554,32932.10800179,
2017-11-11,0.1524,0.236221,0.134992,0.212001,66641.759,1510444799999.0,12559.76604189,59003.0,30476.407,5704.04101103,36991.69276401,
2017-11-12,0.211103,0.469,0.152002,0.233067,124307.883,1510531199999.0,31995.98946046,116003.0,61472.7,15981.59481639,39539.81266356,
2017-11-13,0.233067,0.245,0.153301,0.208965,69676.456,1510617599999.0,13953.1821501,84620.0,27336.212,5475.85134499,40225.46673264,
2017-11-14,0.208,0.215,0.1773,0.19097,31389.81,1510703999999.0,6125.18718803,30947.0,14627.551,2861.2242053,40319.38359489,
2017-11-15,0.190578,0.193991,0.159,0.163197,26408.144,1510790399999.0,4665.47283152,27348.0,14294.362,2533.61222299,37245.76386024,
2017-11-16,0.16421,0.167,0.110769,0.115001,26985.223,1510876799999.0,3798.28284889,28900.0,14440.892,2029.87940885,37060.04442434,
2017-11-17,0.115002,0.161064,0.1076,0.152999,41383.755,1510963199999.0,5734.77585855,40364.0,22502.048,3120.9996332,37338.51572267,
2017-11-18,0.153,0.186786,0.152999,0.159784,35182.763,1511049599999.0,5864.36135586,36654.0,17085.48,2849.11170075,37684.16141699,
2017-11-19,0.159784,0.162,0.142,0.145283,17115.334,1511135999999.0,2601.21363332,16228.0,8325.209,1267.45541621,37352.35250994,
2017-11-20,0.145304,0.153829,0.142312,0.151787,14751.625,1511222399999.0,2171.66809337,11642.0,7201.933,1060.27978555,37155.8865534,
2017-11-21,0.151002,0.152184,0.141,0.144799,17433.7,1511308799999.0,2543.40943567,13444.0,7536.5,1100.92268974,36928.65759506,
2017-11-22,0.144803,0.169,0.1415,0.157437,25682.989,1511395199999.0,3932.39223885,22964.0,12975.508,1985.05586806,39191.49107094,
2017-11-23,0.157437,0.20889,0.15592,0.208443,44041.627,1511481599999.0,8109.81623319,41592.0,22487.705,4152.35332081,39319.71903209,
2017-11-24,0.208641,0.223238,0.181355,0.19708,39627.344,1511567999999.0,8072.26084575,43161.0,18978.424,3866.02168906,39632.2673463,
2017-11-25,0.19708,0.198622,0.17561,0.176216,24414.772,1511654399999.0,4582.33731313,26051.0,11395.535,2140.36854234,37740.47664127,
2017-11-26,0.176216,0.19,0.166,0.185018,25782.737,1511740799999.0,4567.21658818,24579.0,12818.722,2270.39670383,38637.19947833,
2017-11-27,0.184801,0.185663,0.16303,0.163042,22398.04,1511827199999.0,3852.64864492,20983.0,11096.405,1911.34172566,39567.94676453,
2017-11-28,0.163042,0.165,0.148395,0.149483,23257.232,1511913599999.0,3642.07495966,20870.0,12519.827,1960.01827856,40443.49489871,
2017-11-29,0.149483,0.165483,0.133844,0.137786,39399.57,1511999999999.0,5731.62803831,48214.0,21052.639,3061.14481735,40002.71302231,
2017-11-30,0.137787,0.1407,0.129,0.13329,29262.87,1512086399999.0,3922.44881377,25558.0,17255.0,2313.85513797,41200.64448647,
2017-12-01,0.133279,0.139489,0.129001,0.132165,28506.279,1512172799999.0,3776.71532841,18999.0,17029.161,2255.67730781,41880.56806882,
2017-12-02,0.131859,0.133,0.127001,0.127516,22229.785,1512259199999.0,2884.52146209,13010.0,11598.994,1504.96586111,41660.21817426,
2017-12-03,0.127516,0.144805,0.127003,0.134999,28494.477,1512345599999.0,3885.6917365,21588.0,15563.973,2122.27034165,42539.26766253,
2017-12-04,0.134475,0.136612,0.130452,0.133062,20599.698,1512431999999.0,2735.27422651,15466.0,11536.776,1532.60634259,43018.23894626,
2017-12-05,0.133182,0.136954,0.121001,0.122021,26744.091,1512518399999.0,3438.964787,21171.0,15069.341,1938.62290464,42536.74885673,
2017-12-06,0.122015,0.122021,0.095001,0.099003,23030.056,1512604799999.0,2578.48832946,22541.0,13303.302,1493.61872032,40890.08521319,
2017-12-07,0.099448,0.102924,0.048,0.073574,22675.043,1512691199999.0,1989.41729491,24162.0,12143.839,1076.30004886,41528.25713067,
2017-12-08,0.073579,0.125,0.06682,0.087105,60294.741,1512777599999.0,5590.57296744,72490.0,28976.185,2689.53976543,45038.75183883,
2017-12-09,0.087101,0.102,0.0815,0.093387,31327.477,1512863999999.0,2938.2668786,24548.0,12740.982,1198.54928683,45484.93871282,
2017-12-10,0.093012,0.096345,0.08,0.085929,22288.587,1512950399999.0,2014.85100353,18744.0,9305.226,842.85683135,45532.3410666,
2017-12-11,0.085929,0.092477,0.08,0.084057,22868.731,1513036799999.0,1917.6946509,18480.0,9102.933,763.34031298,45865.12902759,
2017-12-12,0.084201,0.0982,0.082452,0.094593,30244.517,1513123199999.0,2702.26978027,31735.0,12706.261,1133.11963356,47883.64893836,
2017-12-13,0.094208,0.104,0.091009,0.097536,14021.338,1513209599999.0,1338.37286138,23793.0,6627.59,632.99510113,51091.16978523,
2017-12-14,0.097536,0.1297,0.096104,0.118438,36016.049,1513295999999.0,4101.49210659,53210.0,16538.585,1885.81436419,56192.91455848,
2017-12-15,0.118438,0.120001,0.091205,0.102659,20350.87,1513382399999.0,2043.56593616,28341.0,10302.419,1026.94933639,58844.41029408,
2017-12-16,0.1025,0.10842,0.09032,0.09165,10456.439,1513468799999.0,1026.35101494,18689.0,5010.67,490.42849851,58377.96045653,
2017-12-17,0.091999,0.09947,0.091421,0.096838,12444.814,1513555199999.0,1183.41600194,20508.0,5859.12,557.50530676,59480.13430467,
2017-12-18,0.096839,0.126004,0.094998,0.11349,39715.614,1513641599999.0,4428.81003437,56844.0,19223.901,2149.80110626,0.0,
2017-12-19,0.113401,0.178,0.110539,0.154354,54057.33,1513727999999.0,7634.21612369,91459.0,24466.594,3449.2481433,0.0,
2017-12-20,0.154896,0.348,0.154353,0.225025,243791.217,1513814399999.0,52893.1479808,414598.0,119319.945,26074.49174813,0.0,
2017-12-21,0.225026,0.225496,0.1881,0.195641,51151.869,1513900799999.0,10419.0995946,131499.0,26322.009,5375.32763271,0.0,
2017-12-22,0.195974,0.203,0.1602,0.186573,40870.575,1513987199999.0,7376.61405026,115501.0,19640.782,3559.44700015,0.0,
2017-12-23,0.186562,0.214888,0.18072,0.205781,23861.575,1514073599999.0,4804.98259628,73770.0,12166.509,2454.94640633,0.0,
2017-12-24,0.205778,0.209,0.1936,0.205036,18328.38,1514159999999.0,3718.72515643,47123.0,8680.015,1762.31129682,0.0,
2017-12-25,0.205036,0.206352,0.19288,0.1985,49520.575,1514246399999.0,9966.7143286,39632.0,24120.669,4858.4271424,0.0,
2017-12-26,0.1985,0.1999,0.17341,0.1859,41386.842,1514332799999.0,7574.27920955,46154.0,19301.578,3534.78056247,0.0,
2017-12-27,0.186283,0.187499,0.173511,0.175172,52032.459,1514419199999.0,9286.34988194,44722.0,27868.63,4976.4930058,0.0,
2017-12-28,0.175777,0.179,0.1701,0.1727,57198.924,1514505599999.0,9930.50626371,55111.0,31307.143,5437.29939134,0.0,
2017-12-29,0.1727,0.19933,0.164638,0.181436,66787.601,1514591999999.0,11732.66492637,80655.0,33335.331,5865.7739072,0.0,
2017-12-30,0.181438,0.186,0.171122,0.176188,39181.788,1514678399999.0,6948.97614473,57911.0,19032.302,3374.7144349,0.0,
2017-12-31,0.176188,0.185,0.170515,0.171204,49550.407,1514764799999.0,8687.6708211,53657.0,26676.968,4678.97069468,0.0,
2018-01-01,0.171204,0.179291,0.17,0.172294,56679.328,1514851199999.0,9854.52064954,44783.0,28908.217,5028.0703068,0.0,
2018-01-02,0.172003,0.197947,0.167499,0.1725,65899.978,1514937599999.0,11706.66009125,80219.0,34832.837,6190.48307596,0.0,
2018-01-03,0.1725,0.185117,0.1678,0.1685,63499.814,1515023999999.0,10996.61781996,67738.0,30784.535,5330.04583019,0.0,
2018-01-04,0.168501,0.169021,0.154079,0.154315,75991.757,1515110399999.0,12313.87359889,78759.0,37337.512,6048.79265267,0.0,
2018-01-05,0.154884,0.16,0.1382,0.140879,71174.75,1515196799999.0,10680.27472109,78468.0,38262.036,5728.29128839,0.0,
2018-01-06,0.140609,0.162137,0.1347,0.146003,73416.799,1515283199999.0,10853.79220643,77906.0,34865.544,5165.2436952,0.0,
2018-01-07,0.148219,0.166999,0.146343,0.155967,49526.61,1515369599999.0,7772.14109191,67175.0,25486.824,3992.15117967,0.0,
2018-01-08,0.155701,0.167515,0.154,0.159845,71078.506,1515455999999.0,11276.23457851,73648.0,34851.103,5531.35427768,0.0,
2018-01-09,0.159844,0.16569,0.156542,0.164,59807.397,1515542399999.0,9641.05869622,57431.0,30119.972,4866.06849993,0.0,
2018-01-10,0.164,0.207489,0.163446,0.192504,78616.084,1515628799999.0,14348.4907766,146986.0,39686.304,7229.87956076,0.0,
2018-01-11,0.192998,0.208279,0.181,0.183931,58988.611,1515715199999.0,10992.06663646,112462.0,30787.273,5734.79466516,0.0,
2018-01-12,0.183931,0.194,0.182,0.188499,20728.435,1515801599999.0,3847.45446954,59468.0,9690.504,1798.93276846,0.0,
2018-01-13,0.188499,0.197789,0.180726,0.1876,22499.276,1515887999999.0,4220.77793018,76211.0,11157.04,2091.38259386,0.0,
2018-01-14,0.1876,0.19199,0.184,0.184743,13366.827,1515974399999.0,2511.03513487,42549.0,7163.165,1345.73519326,0.0,
2018-01-15,0.184743,0.185379,0.107103,0.17562,37529.519,1516060799999.0,6356.9122857,74628.0,13414.331,2326.21354267,0.0,
2018-01-16,0.17579,0.179,0.15094,0.155122,25985.408,1516147199999.0,4285.35292114,73327.0,12947.331,2138.05001206,0.0,
2018-01-17,0.15512,0.167,0.13369,0.157019,25691.641,1516233599999.0,3975.46807296,75618.0,12157.81,1890.58868012,0.0,
2018-01-18,0.157022,0.164,0.1501,0.153201,16216.018,1516319999999.0,2558.83805594,52025.0,7770.497,1227.29443002,0.0,
2018-01-19,0.153325,0.163,0.152983,0.153441,9407.584,1516406399999.0,1470.77934341,32820.0,4496.161,703.69785596,0.0,
2018-01-20,0.153322,0.166,0.12,0.158771,15281.873,1516492799999.0,2335.14103996,45254.0,7112.642,1099.63276934,0.0,
2018-01-21,0.158767,0.1588,0.149708,0.15338,8101.945,1516579199999.0,1243.73786911,28826.0,4396.587,675.21824651,0.0,
2018-01-22,0.153997,0.155006,0.147016,0.149356,7575.252,1516665599999.0,1140.63997141,23330.0,3574.894,538.91004257,0.0,
2018-01-23,0.149356,0.15171,0.147112,0.1493,7338.418,1516751999999.0,1097.25669067,21702.0,3350.988,501.01262011,0.0,
2018-01-24,0.149025,0.149897,0.144183,0.145882,7925.832,1516838399999.0,1162.21433303,22654.0,3902.105,572.44567045,0.0,
2018-01-25,0.145721,0.1491,0.144951,0.146299,5565.294,1516924799999.0,814.61223159,16355.0,3044.091,445.69449693,0.0,
2018-01-26,0.14629,0.146499,0.142259,0.144065,8214.078,1517011199999.0,1186.77095046,23694.0,4107.149,593.5775755,0.0,
2018-01-27,0.144065,0.14558,0.1401,0.142632,4934.579,1517097599999.0,707.78633669,15130.0,2384.87,342.64831168,0.0,
2018-01-28,0.1428,0.149423,0.142042,0.149206,7200.21,1517183999999.0,1049.8640292,29727.0,3882.036,566.63892429,0.0,
2018-01-29,0.149295,0.1499,0.145059,0.146917,5464.745,1517270399999.0,809.30675806,19166.0,2645.35,392.01742667,0.0,
2018-01-30,0.14692,0.151332,0.14327,0.14529,7117.877,1517356799999.0,1052.07981311,30474.0,3699.726,547.2262843,0.0,
2018-01-31,0.14529,0.148885,0.144101,0.145763,6167.949,1517443199999.0,902.99638621,19993.0,3028.463,443.55384533,0.0,
2018-02-01,0.14576,0.147,0.137443,0.139189,7977.177,1517529599999.0,1138.16944373,27088.0,3768.237,538.81013579,0.0,
2018-02-02,0.139566,0.14012,0.124112,0.134981,10894.057,1517615999999.0,1456.67883895,41274.0,5094.624,681.63033487,0.0,
2018-02-03,0.135,0.1399,0.129344,0.138408,6745.099,1517702399999.0,904.93868997,27598.0,3423.162,459.80493923,0.0,
2018-02-04,0.138408,0.141176,0.132262,0.141007,5985.785,1517788799999.0,822.17168218,26936.0,3020.508,416.00878556,0.0,
2018-02-05,0.141007,0.141176,0.125,0.127709,8987.521,1517875199999.0,1185.08407603,30782.0,4198.681,553.95960938,0.0,
2018-02-06,0.12771,0.140012,0.122115,0.125522,14076.304,1517961599999.0,1789.01868734,52240.0,6023.504,767.58846603,0.0,
2018-02-07,0.125807,0.128502,0.120126,0.125425,9289.784,1518047999999.0,1144.71849708,33873.0,4098.908,505.51267279,0.0,
2018-02-08,0.125755,0.125755,0.123294,0.124973,154.413,1518134399999.0,19.23713031,796.0,69.828,8.69964913,0.0,
2018-02-09,0.124973,0.16225,0.124973,0.149772,13033.412,1518220799999.0,2018.85082877,48219.0,7297.619,1123.62350351,0.0,
2018-02-10,0.149772,0.154098,0.14358,0.14497,11970.201,1518307199999.0,1770.59045569,47090.0,5712.084,844.00433082,0.0,
2018-02-11,0.144955,0.155959,0.14495,0.149464,12799.689,1518393599999.0,1930.19814423,55757.0,6583.951,993.15806758,0.0,
2018-02-12,0.149475,0.150191,0.14309,0.143909,5659.744,1518479999999.0,827.06682463,24721.0,2991.705,436.94973062,0.0,
2018-02-13,0.143451,0.147999,0.14055,0.143412,7381.408,1518566399999.0,1054.70912602,28094.0,3904.352,557.79056538,0.0,
2018-02-14,0.143404,0.14994,0.13845,0.143285,12554.806,1518652799999.0,1808.97252781,51545.0,6236.465,898.39253742,0.0,
2018-02-15,0.143285,0.143519,0.134189,0.135071,9104.524,1518739199999.0,1258.54815721,38102.0,4662.792,643.93803719,0.0,
2018-02-16,0.1351,0.151899,0.13,0.150449,19762.049,1518825599999.0,2905.36752596,75835.0,9814.307,1445.0260975,0.0,
2018-02-17,0.150449,0.151099,0.1385,0.139002,9131.693,1518911999999.0,1310.18465728,35874.0,4573.55,657.32621414,0.0,
2018-02-18,0.139275,0.147005,0.137665,0.139429,11415.237,1518998399999.0,1617.8609953,48735.0,5357.465,759.55061698,0.0,
2018-02-19,0.139531,0.142,0.136,0.136213,5781.66,1519084799999.0,801.29191484,23550.0,2853.714,395.77934047,0.0,
2018-02-20,0.13621,0.138349,0.123739,0.1239,10265.159,1519171199999.0,1340.35442523,37560.0,5085.681,665.09781791,0.0,
2018-02-21,0.1239,0.127387,0.121216,0.122725,12188.126,1519257599999.0,1513.69273536,48973.0,5854.671,727.25094001,0.0,
2018-02-22,0.122725,0.123592,0.11939,0.122446,7798.333,1519343999999.0,946.55303172,29828.0,3476.533,422.05498322,0.0,
2018-02-23,0.122408,0.127832,0.119141,0.123684,10012.361,1519430399999.0,1239.04464279,42628.0,5024.102,621.77325491,0.0,
2018-02-24,0.123618,0.12476,0.119178,0.121919,5832.561,1519516799999.0,711.18189443,27096.0,2596.035,316.98475191,0.0,
2018-02-25,0.121665,0.124363,0.121,0.121991,4593.437,1519603199999.0,561.05077061,19431.0,2480.63,303.3203813,0.0,
2018-02-26,0.12199,0.123848,0.120123,0.120472,7939.846,1519689599999.0,964.96095221,24222.0,3606.171,438.54000091,0.0,
2018-02-27,0.120741,0.123849,0.115,0.116522,6368.167,1519775999999.0,759.45177335,20580.0,3029.797,361.63587582,0.0,
2018-02-28,0.116522,0.11667,0.114063,0.115866,4319.461,1519862399999.0,499.01803442,15074.0,2040.264,235.89435924,0.0,
2018-03-01,0.115868,0.122512,0.110124,0.117103,8243.131,1519948799999.0,978.68314311,23983.0,3796.913,451.60682243,0.0,
2018-03-02,0.11749,0.11785,0.11471,0.115252,5131.138,1520035199999.0,595.65414386,16655.0,2678.195,310.98535749,0.0,
2018-03-03,0.11545,0.1157,0.11053,0.110732,3897.553,1520121599999.0,438.84174388,14376.0,2019.404,227.34785582,0.0,
2018-03-04,0.110536,0.115289,0.110085,0.1116,3566.047,1520207999999.0,397.15464966,12261.0,1830.959,204.10900115,0.0,
2018-03-05,0.1116,0.112383,0.109401,0.109924,4416.286,1520294399999.0,490.0529505,11706.0,2053.656,228.02909696,0.0,
2018-03-06,0.109912,0.113099,0.109702,0.112406,4672.185,1520380799999.0,518.70545707,14734.0,2450.365,272.12637985,0.0,
2018-03-07,0.112275,0.112829,0.107322,0.109987,7902.371,1520467199999.0,870.5207556,25641.0,3592.502,396.06730485,0.0,
2018-03-08,0.110029,0.112149,0.107532,0.111184,5262.421,1520553599999.0,578.25219707,21347.0,2567.623,282.43880965,0.0,
2018-03-09,0.111061,0.115639,0.108901,0.11517,7148.044,1520639999999.0,794.35217959,32591.0,3347.726,372.23687731,0.0,
2018-03-10,0.11517,0.1153,0.111413,0.114004,4486.889,1520726399999.0,508.88224573,18327.0,1892.571,214.66502927,0.0,
2018-03-11,0.114066,0.12225,0.1135,0.119591,11368.508,1520812799999.0,1336.78256069,33313.0,4771.304,561.56708296,0.0,
2018-03-12,0.119515,0.119988,0.112643,0.114714,6334.118,1520899199999.0,731.34976177,19829.0,3309.567,381.70247421,0.0,
2018-03-13,0.114939,0.1177,0.11076,0.115293,12371.721,1520985599999.0,1419.66789998,30964.0,6436.434,738.58862941,0.0,
2018-03-14,0.115284,0.118799,0.113231,0.115179,15158.838,1521071999999.0,1746.4070148,28829.0,9289.739,1069.7818079,0.0,
2018-03-15,0.11523,0.11549,0.1116,0.11388,12152.424,1521158399999.0,1377.05491277,23087.0,6627.119,751.23326522,0.0,
2018-03-16,0.11388,0.124572,0.111,0.117788,16735.026,1521244799999.0,1957.32693504,36095.0,8997.409,1049.44410614,0.0,
2018-03-17,0.117757,0.1243,0.11613,0.120314,16374.22,1521331199999.0,1977.58974631,31789.0,8290.065,999.43986839,0.0,
2018-03-18,0.120313,0.121,0.113,0.113776,14619.701,1521417599999.0,1704.23165733,29450.0,7932.296,925.41942027,0.0,
2018-03-19,0.114048,0.117717,0.11159,0.115581,15730.189,1521503999999.0,1793.46035847,29544.0,8632.118,984.23593605,0.0,
2018-03-20,0.115657,0.121444,0.114,0.119367,15545.415,1521590399999.0,1822.25933939,32645.0,7492.637,878.3511312,0.0,
2018-03-21,0.119109,0.119569,0.1145,0.115652,11614.266,1521676799999.0,1353.24236974,22399.0,6520.443,759.96633461,0.0,
2018-03-22,0.115927,0.117724,0.11416,0.1157,12666.446,1521763199999.0,1473.39378753,20946.0,6599.054,767.92547514,0.0,
2018-03-23,0.116078,0.118493,0.114287,0.115364,13676.885,1521849599999.0,1586.8219401,22091.0,8525.252,989.0899939,0.0,
2018-03-24,0.115386,0.1159,0.113174,0.113725,11225.126,1521935999999.0,1282.16055801,19347.0,6462.233,738.52377495,0.0,
2018-03-25,0.113801,0.1155,0.113634,0.114591,10027.321,1522022399999.0,1148.58734903,16908.0,6243.667,715.40269604,0.0,
2018-03-26,0.114887,0.11548,0.111111,0.111897,12985.663,1522108799999.0,1476.77323901,20246.0,6606.152,751.37962102,0.0,
2018-03-27,0.111899,0.115968,0.111,0.112306,10755.707,1522195199999.0,1215.77220849,21856.0,6173.632,698.12653568,0.0,
2018-03-28,0.112298,0.113445,0.1072,0.108123,13607.046,1522281599999.0,1499.23371533,23736.0,7764.669,855.54546426,0.0,
2018-03-29,0.108169,0.10917,0.098538,0.100062,21954.003,1522367999999.0,2254.27035257,37133.0,11348.62,1163.4156068,0.0,
2018-03-30,0.100062,0.108338,0.099419,0.101513,22141.525,1522454399999.0,2275.47212206,43074.0,12916.009,1329.02251644,0.0,
2018-03-31,0.101516,0.10375,0.097786,0.098321,15960.934,1522540799999.0,1598.55561379,27962.0,9637.177,965.04034328,0.0,
2018-04-01,0.098498,0.100059,0.094005,0.094299,17304.347,1522627199999.0,1674.27607323,28306.0,11122.284,1077.76255753,0.0,
2018-04-02,0.094298,0.0966,0.09325,0.093676,13199.704,1522713599999.0,1254.77306387,19438.0,7701.944,732.13228565,0.0,
2018-04-03,0.093696,0.097845,0.0932,0.09548,18628.11,1522799999999.0,1766.79954806,24976.0,9030.735,856.14751862,0.0,
2018-04-04,0.095481,0.09616,0.0931,0.095134,14431.279,1522886399999.0,1363.35709319,21775.0,7199.714,680.42221032,0.0,
2018-04-05,0.095233,0.096192,0.092789,0.094688,14605.532,1522972799999.0,1375.35857934,21620.0,8058.965,759.03738392,0.0,
2018-04-06,0.094688,0.094739,0.09118,0.092,14132.283,1523059199999.0,1308.52394802,20450.0,8216.422,760.54967709,0.0,
2018-04-07,0.092,0.093334,0.09115,0.092521,14201.394,1523145599999.0,1308.14346058,17816.0,7849.774,722.9064318,0.0,
2018-04-08,0.092531,0.093639,0.092405,0.093113,14742.167,1523231999999.0,1371.01200613,17719.0,7017.259,652.68106456,0.0,
2018-04-09,0.093113,0.095944,0.092958,0.094044,17812.697,1523318399999.0,1680.92949053,21421.0,9263.687,874.28365329,0.0,
2018-04-10,0.09398,0.0959,0.09349,0.094978,14135.295,1523404799999.0,1335.72929061,16115.0,8145.944,769.96665414,0.0,
2018-04-11,0.094978,0.0965,0.093721,0.096427,15263.019,1523491199999.0,1447.55167619,21080.0,8295.383,786.95500627,0.0,
2018-04-12,0.096428,0.0985,0.090892,0.09287,24233.796,1523577599999.0,2277.45012738,46744.0,12471.756,1170.90230644,0.0,
2018-04-13,0.092951,0.096849,0.092507,0.093881,17894.17,1523663999999.0,1684.59458129,34721.0,9193.274,865.26117848,0.0,
2018-04-14,0.093888,0.094196,0.091021,0.092046,13627.333,1523750399999.0,1260.81850967,18985.0,7868.168,728.68160134,0.0,
2018-04-15,0.092046,0.094336,0.091658,0.093485,13875.688,1523836799999.0,1292.77677743,20035.0,7807.483,727.25965174,0.0,
2018-04-16,0.093486,0.095835,0.093221,0.095286,19154.257,1523923199999.0,1811.60533161,26149.0,9044.968,855.3689692,0.0,
2018-04-17,0.095286,0.097,0.0945,0.09603,18240.526,1524009599999.0,1749.00546548,25771.0,9547.527,915.57097096,0.0,
2018-04-18,0.09603,0.111111,0.0958,0.109673,40454.568,1524095999999.0,4224.06970302,78570.0,20476.284,2138.06135957,0.0,
2018-04-19,0.109673,0.119245,0.107373,0.116966,33559.66,1524182399999.0,3792.96897991,73047.0,17483.832,1975.77983466,0.0,
2018-04-20,0.116966,0.13392,0.114388,0.127019,44228.888,1524268799999.0,5530.76363471,105329.0,23296.203,2911.87807724,0.0,
2018-04-21,0.12716,0.13481,0.117524,0.12961,56453.335,1524355199999.0,7134.69974632,110603.0,28061.536,3547.92124615,0.0,
2018-04-22,0.129454,0.14075,0.125,0.135926,37980.867,1524441599999.0,5104.52132448,85369.0,19355.341,2597.38423371,0.0,
2018-04-23,0.135926,0.162599,0.135695,0.16099,78720.378,1524527999999.0,12158.24493604,181871.0,39322.827,6075.72080099,0.0,
2018-04-24,0.16099,0.170903,0.144519,0.146033,85301.855,1524614399999.0,13717.44194445,187532.0,44126.848,7107.68224619,0.0,
2018-04-25,0.146004,0.15,0.135501,0.145519,65558.35,1524700799999.0,9360.78917232,138943.0,31860.34,4550.12984431,0.0,
2018-04-26,0.145362,0.1545,0.142643,0.153589,33827.003,1524787199999.0,5088.96301044,83246.0,17721.029,2667.19970217,0.0,
2018-04-27,0.153357,0.1539,0.148,0.149338,23051.932,1524873599999.0,3472.59148211,48485.0,12310.934,1854.32841262,0.0,
2018-04-28,0.149121,0.1515,0.148429,0.148929,22598.7,1524959999999.0,3383.09134651,41805.0,11191.033,1675.33441243,0.0,
2018-04-29,0.148901,0.1562,0.1487,0.152891,29780.487,1525046399999.0,4548.25130981,74405.0,14877.433,2272.60148733,0.0,
2018-04-30,0.152927,0.15312,0.144995,0.145668,22559.39,1525132799999.0,3385.90451754,48896.0,11072.852,1660.97796171,0.0,
2018-05-01,0.145668,0.149538,0.138941,0.149351,21942.803,1525219199999.0,3161.52697676,45902.0,12196.446,1759.06469276,0.0,
2018-05-02,0.14935,0.1632,0.147104,0.157898,38556.974,1525305599999.0,6045.3011554,87321.0,19335.529,3028.18910494,0.0,
2018-05-03,0.157899,0.166532,0.151996,0.155269,36123.764,1525391999999.0,5794.88931931,82805.0,19153.463,3073.29002563,0.0,
2018-05-04,0.155132,0.158317,0.152,0.15628,20691.121,1525478399999.0,3204.6338957,41933.0,10614.75,1642.38056596,0.0,
2018-05-05,0.156343,0.179,0.154958,0.179,47861.815,1525564799999.0,8049.32729403,101356.0,23010.793,3866.24817293,0.0,
2018-05-06,0.178961,0.18579,0.1675,0.1823,43919.885,1525651199999.0,7902.24479601,95559.0,22882.347,4118.15021903,0.0,
2018-05-07,0.1823,0.184584,0.170322,0.176238,30741.337,1525737599999.0,5371.38566593,65809.0,17124.306,2988.88918008,0.0,
2018-05-08,0.175977,0.179077,0.1701,0.174238,20357.49,1525823999999.0,3540.26608371,46579.0,10037.733,1746.36690874,0.0,
2018-05-09,0.174223,0.1795,0.163,0.174859,24230.309,1525910399999.0,4146.45953901,57590.0,12616.236,2158.14162493,0.0,
2018-05-10,0.1748,0.17808,0.167509,0.16883,24619.559,1525996799999.0,4301.99539272,52434.0,12201.807,2130.39044643,0.0,
2018-05-11,0.168819,0.172931,0.154522,0.162681,34061.128,1526083199999.0,5539.6080768,81329.0,15890.691,2588.10854192,0.0,
2018-05-12,0.162681,0.17482,0.15468,0.172245,30166.772,1526169599999.0,5010.25136758,78452.0,14891.432,2474.24218292,0.0,
2018-05-13,0.172037,0.173,0.167458,0.170003,18694.532,1526255999999.0,3174.93088596,50799.0,9437.187,1602.75551691,0.0,
2018-05-14,0.170002,0.170217,0.159,0.162857,26638.089,1526342399999.0,4394.06736897,72225.0,13545.541,2235.15318283,0.0,
2018-05-15,0.163009,0.166163,0.15538,0.15788,22873.536,1526428799999.0,3693.02641733,58873.0,11973.395,1933.11595606,0.0,
2018-05-16,0.15788,0.160444,0.150269,0.153592,18268.814,1526515199999.0,2803.19767824,47692.0,8836.363,1356.45736129,0.0,
2018-05-17,0.153589,0.16,0.146016,0.148202,14543.144,1526601599999.0,2230.08869744,50570.0,7358.233,1129.26823991,0.0,
2018-05-18,0.148203,0.151319,0.140233,0.145885,25162.44,1526687999999.0,3667.12858673,62512.0,13080.97,1905.06793448,0.0,
2018-05-19,0.145988,0.146287,0.140952,0.143071,9311.623,1526774399999.0,1332.05164715,29159.0,4649.76,665.34535706,0.0,
2018-05-20,0.143054,0.153799,0.142409,0.151587,12693.644,1526860799999.0,1893.46182713,42434.0,7031.76,1048.44835345,0.0,
2018-05-21,0.151587,0.15241,0.145123,0.146302,7805.801,1526947199999.0,1158.36830266,24731.0,4310.762,640.54099866,0.0,
2018-05-22,0.146512,0.146769,0.140001,0.1422,7579.033,1527033599999.0,1083.33658844,25395.0,3582.557,511.85468963,0.0,
2018-05-23,0.1422,0.143966,0.129284,0.132766,18695.56,1527119999999.0,2521.93196146,44588.0,9020.267,1216.71075074,0.0,
2018-05-24,0.132411,0.142096,0.13,0.141375,12375.898,1527206399999.0,1669.89928278,40949.0,6658.729,899.21439004,0.0,
2018-05-25,0.14137,0.1416,0.13385,0.135813,14128.682,1527292799999.0,1939.82725396,31850.0,7103.805,975.93589045,0.0,
2018-05-26,0.135659,0.138301,0.134541,0.137115,12319.847,1527379199999.0,1683.5428227,20708.0,5852.499,799.40842487,0.0,
2018-05-27,0.137115,0.137816,0.13381,0.135421,12713.959,1527465599999.0,1722.85841598,19633.0,7008.894,949.39638558,0.0,
2018-05-28,0.135401,0.136239,0.122677,0.124157,15672.007,1527551999999.0,2026.03750269,32442.0,7682.127,993.53717744,0.0,
2018-05-29,0.124151,0.13443,0.12311,0.132396,18353.618,1527638399999.0,2373.30762112,31347.0,9875.171,1277.64786703,0.0,
2018-05-30,0.132543,0.1361,0.13,0.133101,14111.219,1527724799999.0,1882.94565473,28900.0,7810.717,1042.76699439,0.0,
2018-05-31,0.133173,0.135985,0.131513,0.133,14706.781,1527811199999.0,1963.52420265,30086.0,7326.351,978.48043263,0.0,
2018-06-01,0.133223,0.13376,0.131802,0.133181,12133.177,1527897599999.0,1611.23891255,22209.0,6692.894,889.10472247,0.0,
2018-06-02,0.133399,0.143635,0.132677,0.142198,19275.103,1527983999999.0,2649.98080262,44071.0,10070.961,1383.7190353,0.0,
2018-06-03,0.142011,0.154539,0.140558,0.1514,25836.602,1528070399999.0,3829.84885576,60721.0,14146.11,2093.75207422,0.0,
2018-06-04,0.1514,0.15651,0.143934,0.146633,27215.691,1528156799999.0,4076.08624402,59199.0,14007.292,2100.14970717,0.0,
2018-06-05,0.146631,0.151999,0.1419,0.151135,23010.018,1528243199999.0,3375.61670245,51140.0,11914.688,1748.73452961,0.0,
2018-06-06,0.150941,0.151742,0.145793,0.147671,18515.067,1528329599999.0,2756.13846222,36124.0,9729.453,1449.02219998,0.0,
2018-06-07,0.147494,0.150999,0.14711,0.148849,15419.158,1528415999999.0,2294.86252951,29149.0,8787.029,1307.50028383,0.0,
2018-06-08,0.148744,0.1493,0.14375,0.146559,14406.359,1528502399999.0,2112.07680061,26877.0,7724.686,1132.67225259,0.0,
2018-06-09,0.146533,0.148249,0.1444,0.145204,11589.508,1528588799999.0,1696.14581158,18303.0,6101.045,893.57453966,0.0,
2018-06-10,0.145015,0.145175,0.1342,0.138316,23864.922,1528675199999.0,3361.01526597,44125.0,11428.835,1609.46279012,0.0,
2018-06-11,0.138316,0.143173,0.134585,0.138592,18211.948,1528761599999.0,2521.28189876,33602.0,9763.151,1352.00009296,0.0,
2018-06-12,0.138785,0.139868,0.131,0.132942,15547.202,1528847999999.0,2107.32478391,31501.0,7791.333,1057.32243278,0.0,
2018-06-13,0.13294,0.13465,0.129414,0.133696,16933.918,1528934399999.0,2229.68827604,29980.0,9342.79,1230.86411395,0.0,
2018-06-14,0.133679,0.135908,0.130977,0.134594,15149.549,1529020799999.0,2027.27108712,29637.0,8886.079,1189.476483,0.0,
2018-06-15,0.134749,0.135398,0.130592,0.131959,11095.054,1529107199999.0,1471.22804277,23283.0,5831.66,773.43485322,0.0,
2018-06-16,0.131806,0.133461,0.130212,0.130919,9664.566,1529193599999.0,1271.70488981,17345.0,5043.019,663.84241165,0.0,
2018-06-17,0.130919,0.13195,0.1301,0.131252,9931.924,1529279999999.0,1301.06938557,15813.0,5858.442,767.66591392,0.0,
2018-06-18,0.131365,0.132996,0.12878,0.132022,13141.653,1529366399999.0,1718.20239604,22567.0,7064.189,923.24996522,0.0,
2018-06-19,0.131953,0.135821,0.130838,0.134501,9902.08,1529452799999.0,1317.55121852,18096.0,5884.788,783.22345348,0.0,
2018-06-20,0.134508,0.134859,0.1309,0.1319,10581.346,1529539199999.0,1396.98366267,24174.0,5349.765,706.44075602,0.0,
2018-06-21,0.131901,0.1334,0.129135,0.129691,23435.052,1529625599999.0,3068.32289512,22917.0,14409.475,1887.77614883,0.0,
2018-06-22,0.129885,0.130157,0.121226,0.12401,27768.16,1529711999999.0,3481.31233185,40845.0,14642.218,1836.28030553,0.0,
2018-06-23,0.124017,0.126596,0.121629,0.123749,20118.008,1529798399999.0,2482.98584097,19390.0,12454.808,1536.56135189,0.0,
2018-06-24,0.123749,0.123999,0.114226,0.121545,25650.042,1529884799999.0,3061.9942488,37940.0,14112.261,1684.95062935,0.0,
2018-06-25,0.121546,0.1245,0.120001,0.120601,17066.659,1529971199999.0,2071.05460526,21583.0,9847.534,1194.89859542,0.0,
2018-06-26,0.12072,0.121019,0.114444,0.114692,12233.659,1530057599999.0,1436.96757398,15946.0,7358.451,864.38487486,0.0,
2018-06-27,0.114629,0.117711,0.113455,0.116244,16425.134,1530143999999.0,1895.91827253,18195.0,9209.234,1063.08961925,0.0,
2018-06-28,0.116244,0.117254,0.110412,0.112358,22373.38,1530230399999.0,2555.40412408,22068.0,13070.956,1494.17985595,0.0,
2018-06-29,0.112306,0.120428,0.110766,0.115491,23121.2,1530316799999.0,2613.82580759,24680.0,13151.29,1486.64139734,0.0,
2018-06-30,0.115622,0.120581,0.114,0.117192,20942.045,1530403199999.0,2449.08613634,24444.0,13181.135,1540.78110119,0.0,
2018-07-01,0.117192,0.117299,0.11418,0.115833,16681.644,1530489599999.0,1929.6850551,18286.0,9349.638,1082.26285829,0.0,
2018-07-02,0.115842,0.120188,0.114824,0.118002,20375.887,1530575999999.0,2386.02461465,26164.0,12039.466,1409.08810208,0.0,
2018-07-03,0.118129,0.12456,0.116002,0.116046,24848.7,1530662399999.0,2963.39690588,32968.0,14208.445,1694.52154612,0.0,
2018-07-04,0.116043,0.120499,0.114825,0.115684,15531.617,1530748799999.0,1815.01502594,18292.0,8696.985,1016.12071886,0.0,
2018-07-05,0.115787,0.117874,0.110005,0.113928,19246.929,1530835199999.0,2192.37525811,28894.0,11070.916,1261.18233793,0.0,
2018-07-06,0.113928,0.113995,0.108164,0.111239,14869.345,1530921599999.0,1647.43981312,31653.0,8942.605,990.75806724,0.0,
2018-07-07,0.111036,0.114298,0.1089,0.11426,22193.704,1531007999999.0,2454.59112065,28199.0,11854.421,1310.77417658,0.0,
2018-07-08,0.114255,0.115674,0.110699,0.111764,20141.523,1531094399999.0,2287.1840697,24815.0,10429.735,1184.35425026,0.0,
2018-07-09,0.111762,0.112511,0.108933,0.109618,15892.701,1531180799999.0,1766.91722696,20927.0,8761.173,974.3852336,0.0,
2018-07-10,0.109411,0.110541,0.10845,0.108832,13399.312,1531267199999.0,1463.39981869,25059.0,7260.666,793.1253076,0.0,
2018-07-11,0.108833,0.111647,0.108501,0.110759,15222.184,1531353599999.0,1667.2452478,21733.0,7765.113,850.67734668,0.0,
2018-07-12,0.110753,0.110834,0.108777,0.109849,14081.403,1531439999999.0,1545.98317108,20806.0,8292.667,910.70580115,0.0,
2018-07-13,0.109849,0.11282,0.109849,0.11147,18945.902,1531526399999.0,2119.7483216,27427.0,9756.349,1091.77163279,0.0,
2018-07-14,0.111483,0.11265,0.110702,0.112025,11136.244,1531612799999.0,1242.39977379,22945.0,6022.351,672.11322191,0.0,
2018-07-15,0.112025,0.11481,0.11174,0.113835,17798.847,1531699199999.0,2015.5394777,17982.0,10759.184,1218.51579604,0.0,
2018-07-16,0.113835,0.1212,0.113004,0.119555,24127.971,1531785599999.0,2821.60931394,34990.0,13277.515,1550.48545928,0.0,
2018-07-17,0.119243,0.1204,0.114856,0.116776,25706.987,1531871999999.0,3022.59563678,34024.0,14415.52,1695.12266298,0.0,
2018-07-18,0.116777,0.118381,0.111,0.111936,20324.823,1531958399999.0,2355.77622347,29010.0,12126.822,1407.21167286,0.0,
2018-07-19,0.111935,0.113267,0.109,0.110288,19834.573,1532044799999.0,2200.7167791,22591.0,11315.614,1255.3312114,0.0,
2018-07-20,0.110343,0.110399,0.103914,0.104205,24330.388,1532131199999.0,2596.79115275,28889.0,13792.836,1471.43204661,0.0,
2018-07-21,0.104249,0.107711,0.1022,0.106389,21189.518,1532217599999.0,2242.92472716,21498.0,12550.354,1328.73458689,0.0,
2018-07-22,0.106384,0.109183,0.105467,0.106089,21188.238,1532303999999.0,2269.40996229,19642.0,12902.206,1381.10196069,0.0,
2018-07-23,0.106064,0.108855,0.101148,0.101482,24326.358,1532390399999.0,2542.89575178,27789.0,13990.657,1461.18212754,0.0,
2018-07-24,0.101482,0.107551,0.099567,0.103319,30822.088,1532476799999.0,3199.7168854,43217.0,16552.489,1717.73743236,0.0,
2018-07-25,0.103273,0.104665,0.100696,0.1016,21040.836,1532563199999.0,2156.23473365,28395.0,12167.353,1247.03420015,0.0,
2018-07-26,0.101603,0.104,0.1,0.101496,22478.384,1532649599999.0,2288.90431658,23554.0,12574.422,1280.97794307,0.0,
2018-07-27,0.101424,0.101999,0.099708,0.1002,19015.386,1532735999999.0,1912.18301556,18495.0,10645.414,1071.00923309,0.0,
2018-07-28,0.100207,0.100999,0.0986,0.100029,21349.639,1532822399999.0,2133.50576295,19019.0,11727.82,1171.93194545,0.0,
2018-07-29,0.10003,0.10165,0.0999,0.101061,20472.102,1532908799999.0,2060.5250572,17731.0,11814.568,1188.92011035,0.0,
2018-07-30,0.101061,0.10114,0.098065,0.099704,19208.749,1532995199999.0,1922.60953679,19143.0,11288.863,1130.22263248,0.0,
2018-07-31,0.099711,0.100699,0.098258,0.1003,18616.354,1533081599999.0,1849.93563618,18966.0,11059.785,1099.11928768,0.0,
2018-08-01,0.1003,0.101234,0.09772,0.101095,20719.861,1533167999999.0,2073.2688259,21437.0,11451.323,1145.71489138,0.0,
2018-08-02,0.101095,0.1012,0.096219,0.097032,20872.048,1533254399999.0,2059.81511688,17902.0,11825.896,1167.13756379,0.0,
2018-08-03,0.097134,0.09826,0.095711,0.097711,20646.106,1533340799999.0,1998.08233834,19013.0,11700.674,1132.20823609,0.0,
2018-08-04,0.097713,0.100166,0.0963,0.099355,19979.975,1533427199999.0,1963.70368288,19522.0,12035.987,1182.76132183,0.0,
2018-08-05,0.099354,0.1014,0.098932,0.100893,19578.365,1533513599999.0,1954.20765176,17476.0,11880.356,1185.57732023,0.0,
2018-08-06,0.100981,0.101223,0.098952,0.099732,21253.529,1533599999999.0,2120.64196508,18184.0,12116.314,1209.33535556,0.0,
2018-08-07,0.099733,0.101856,0.096381,0.097867,23771.786,1533686399999.0,2364.44674131,22757.0,13737.647,1366.30877629,0.0,
2018-08-08,0.097867,0.0981,0.091,0.093537,25658.008,1533772799999.0,2430.95868955,30865.0,15355.598,1455.66824418,0.0,
2018-08-09,0.093694,0.094958,0.0923,0.093096,8196.83,1533859199999.0,767.15967393,15356.0,4204.409,393.4892853,0.0,
2018-08-10,0.093094,0.09376,0.091993,0.092865,16390.722,1533945599999.0,1519.94269845,17708.0,10091.713,935.90065028,0.0,
2018-08-11,0.092845,0.092861,0.089,0.090215,26718.513,1534031999999.0,2407.40467812,23551.0,14466.712,1303.92162449,0.0,
2018-08-12,0.090215,0.091833,0.089689,0.090402,23130.386,1534118399999.0,2098.29947842,17086.0,14300.031,1297.3525033,0.0,
2018-08-13,0.090474,0.091076,0.083994,0.084964,29824.063,1534204799999.0,2642.43292287,26454.0,17095.211,1516.34858024,0.0,
2018-08-14,0.085029,0.08509,0.079122,0.082452,26024.509,1534291199999.0,2115.52007199,28054.0,15138.195,1230.47977378,0.0,
2018-08-15,0.082452,0.084635,0.079928,0.081561,24606.597,1534377599999.0,2006.86444335,23649.0,14985.144,1221.66689019,0.0,
2018-08-16,0.08155,0.0835,0.080371,0.081828,25028.295,1534463999999.0,2053.46349472,19932.0,15695.539,1288.45260629,0.0,
2018-08-17,0.081829,0.091834,0.08155,0.091687,26615.382,1534550399999.0,2251.08277227,28635.0,16138.507,1363.21326277,0.0,
2018-08-18,0.091775,0.092444,0.085,0.086766,22058.37,1534636799999.0,1959.08999563,24804.0,13042.969,1158.58481383,0.0,
2018-08-19,0.086767,0.090169,0.085401,0.088045,21265.396,1534723199999.0,1864.23506823,19169.0,12953.699,1134.3941032,0.0,
2018-08-20,0.088045,0.08875,0.0814,0.082049,24301.7,1534809599999.0,2073.0221233,24964.0,14895.049,1271.39485294,0.0,
2018-08-21,0.081894,0.084137,0.081,0.082855,22301.261,1534895999999.0,1838.54000906,20733.0,13891.392,1145.2436149,0.0,
2018-08-22,0.082848,0.084244,0.08035,0.081707,24884.687,1534982399999.0,2041.47047624,22667.0,16085.506,1319.66982538,0.0,
2018-08-23,0.081583,0.082199,0.080025,0.081254,27435.266,1535068799999.0,2223.49490751,21080.0,18244.261,1478.82984296,0.0,
2018-08-24,0.081345,0.082071,0.07955,0.079775,27390.967,1535155199999.0,2212.14100198,19469.0,17514.748,1414.90133106,0.0,
2018-08-25,0.079773,0.080223,0.079001,0.079554,28418.151,1535241599999.0,2260.16389111,16971.0,18131.142,1442.24026809,0.0,
2018-08-26,0.079623,0.079719,0.077777,0.078123,28703.212,1535327999999.0,2246.6250904,18482.0,20074.04,1571.35236758,0.0,
2018-08-27,0.078123,0.08058,0.077846,0.079594,33955.36,1535414399999.0,2672.59553811,22430.0,21958.056,1727.833193,0.0,
2018-08-28,0.079511,0.080688,0.077882,0.079831,31791.466,1535500799999.0,2513.58296227,22977.0,19660.31,1555.08365016,0.0,
2018-08-29,0.079828,0.080124,0.078389,0.0788,27564.932,1535587199999.0,2182.30743106,19826.0,18005.904,1426.08657388,0.0,
2018-08-30,0.078827,0.07915,0.076658,0.077111,26581.652,1535673599999.0,2065.73811053,18581.0,17124.621,1330.63239657,0.0,
2018-08-31,0.077178,0.116931,0.0751,0.0774,31324.133,1535759999999.0,2440.59591807,21056.0,19478.013,1526.34378411,0.0,
2018-09-01,0.077398,0.087998,0.077065,0.085713,37436.776,1535846399999.0,3098.59103218,38600.0,22109.61,1824.05146146,0.0,
2018-09-02,0.085705,0.091368,0.084191,0.089206,37441.765,1535932799999.0,3294.40498903,38105.0,21506.815,1890.73076449,0.0,
2018-09-03,0.089207,0.089676,0.085849,0.086442,27652.27,1536019199999.0,2404.24402864,21995.0,16977.459,1475.26548099,0.0,
2018-09-04,0.08652,0.08823,0.084702,0.08506,28926.592,1536105599999.0,2495.44455383,22582.0,17003.749,1467.09691732,0.0,
2018-09-05,0.085029,0.08582,0.076059,0.078553,31310.138,1536191999999.0,2546.06994066,27794.0,17640.699,1438.15548978,0.0,
2018-09-06,0.078553,0.080229,0.07692,0.079833,24613.794,1536278399999.0,1933.79430307,23193.0,14077.661,1106.12171287,0.0,
2018-09-07,0.079774,0.081017,0.076857,0.077516,19753.526,1536364799999.0,1557.29220085,18547.0,12256.974,967.49880522,0.0,
2018-09-08,0.077559,0.078342,0.075502,0.07655,23770.897,1536451199999.0,1839.85322184,18564.0,15258.369,1182.16234561,0.0,
2018-09-09,0.07652,0.0771,0.075,0.076746,21329.494,1536537599999.0,1620.58877146,16717.0,12404.655,942.59192334,0.0,
2018-09-10,0.076714,0.077028,0.073145,0.073858,22105.975,1536623999999.0,1664.08028306,17831.0,13577.892,1022.87974844,0.0,
2018-09-11,0.07395,0.074874,0.068362,0.0699,29714.764,1536710399999.0,2144.03645905,24087.0,18090.277,1306.90050267,0.0,
2018-09-12,0.069859,0.069948,0.065836,0.068316,29447.586,1536796799999.0,1990.49836951,24135.0,18003.689,1216.87170296,0.0,
2018-09-13,0.068192,0.07339,0.067641,0.071535,33291.459,1536883199999.0,2312.92115659,25450.0,19403.801,1347.10297867,0.0,
2018-09-14,0.071526,0.072265,0.068416,0.069021,22206.189,1536969599999.0,1560.2790944,19836.0,13700.358,962.46204483,0.0,
2018-09-15,0.068915,0.070515,0.068126,0.068918,24676.56,1537055999999.0,1713.94242166,17768.0,15099.913,1048.66295201,0.0,
2018-09-16,0.068908,0.069549,0.066612,0.069254,25043.119,1537142399999.0,1705.02965881,18445.0,16150.248,1099.54221157,0.0,
2018-09-17,0.069238,0.070751,0.065781,0.0668,26530.755,1537228799999.0,1813.41247597,24464.0,15617.922,1068.06169745,0.0,
2018-09-18,0.066837,0.070943,0.065732,0.068341,30753.148,1537315199999.0,2088.24104874,25382.0,19471.537,1321.89262078,0.0,
2018-09-19,0.06829,0.069158,0.066299,0.067163,33291.142,1537401599999.0,2257.99594164,26969.0,18582.392,1262.09720785,0.0,
2018-09-20,0.067163,0.07161,0.066152,0.070168,38059.257,1537487999999.0,2570.43954746,31178.0,22649.505,1528.76169743,0.0,
2018-09-21,0.07022,0.075507,0.069023,0.074495,46795.691,1537574399999.0,3373.52651048,46776.0,26127.746,1883.46049452,0.0,
2018-09-22,0.074308,0.07504,0.070632,0.072131,22124.488,1537660799999.0,1594.93068647,25243.0,12993.318,936.25233933,0.0,
2018-09-23,0.072116,0.075175,0.071287,0.073105,28250.67,1537747199999.0,2061.84445106,25338.0,16871.696,1230.73081423,0.0,
2018-09-24,0.073104,0.073387,0.0695,0.070302,28666.165,1537833599999.0,2044.58894371,24285.0,17306.969,1235.38526455,0.0,
2018-09-25,0.070249,0.070519,0.066979,0.069323,30070.134,1537919999999.0,2059.16139845,29469.0,16420.974,1124.38250962,0.0,
2018-09-26,0.069376,0.085,0.067776,0.079646,92349.619,1538006399999.0,7168.25376152,84870.0,50261.578,3878.13479194,0.0,
2018-09-27,0.079561,0.0908,0.079084,0.08479,91381.157,1538092799999.0,7751.90816762,86649.0,48122.416,4082.42681611,0.0,
2018-09-28,0.084669,0.0858,0.079873,0.081265,45476.983,1538179199999.0,3733.85159541,41696.0,24036.821,1972.52009837,0.0,
2018-09-29,0.081264,0.0848,0.078267,0.081643,36738.357,1538265599999.0,2983.92707707,34277.0,20344.776,1653.27519453,0.0,
2018-09-30,0.08162,0.083581,0.0788,0.080142,33558.464,1538351999999.0,2720.91260107,28824.0,20652.386,1675.51530502,0.0,
2018-10-01,0.080159,0.081757,0.079688,0.080735,29118.973,1538438399999.0,2351.14745524,23072.0,17096.638,1380.50246307,0.0,
2018-10-02,0.080735,0.083881,0.0804,0.081427,36071.521,1538524799999.0,2958.5111766,28634.0,21914.576,1797.04615065,0.0,
2018-10-03,0.081562,0.081754,0.078574,0.079476,29581.646,1538611199999.0,2361.91897422,21915.0,17030.35,1360.11749613,0.0,
2018-10-04,0.079422,0.080648,0.077406,0.07808,43738.009,1538697599999.0,3464.00542151,26645.0,26786.4,2122.69654907,0.0,
2018-10-05,0.07808,0.079228,0.077801,0.078543,36233.223,1538783999999.0,2833.11532992,20246.0,22800.46,1783.08079956,0.0,
2018-10-06,0.078598,0.078803,0.07652,0.077451,33108.632,1538870399999.0,2579.69111347,19037.0,22304.2,1738.29212989,0.0,
2018-10-07,0.07745,0.079199,0.077238,0.078806,30707.919,1538956799999.0,2398.60738517,18732.0,19397.211,1515.0354662,0.0,
2018-10-08,0.078834,0.079888,0.078697,0.07975,38467.26,1539043199999.0,3048.76834022,24658.0,23137.248,1834.28145139,0.0,
2018-10-09,0.079699,0.079748,0.0779,0.078204,39968.46,1539129599999.0,3140.0034945,22592.0,24620.655,1934.74671046,0.0,
2018-10-10,0.078204,0.078596,0.077508,0.077905,37566.657,1539215999999.0,2930.9954805,21881.0,24459.695,1908.78601583,0.0,
2018-10-11,0.077913,0.078126,0.069,0.069358,47979.366,1539302399999.0,3463.16359743,46031.0,25796.963,1859.53077203,0.0,
2018-10-12,0.069406,0.072181,0.068976,0.070736,32645.626,1539388799999.0,2308.48093889,23891.0,20391.065,1441.79440712,0.0,
2018-10-13,0.070737,0.072111,0.070664,0.071715,28851.635,1539475199999.0,2056.07197775,19040.0,19333.519,1377.7899896,0.0,
2018-10-14,0.07166,0.071922,0.069672,0.070048,30981.269,1539561599999.0,2198.28583868,19140.0,19150.064,1359.34899483,0.0,
2018-10-15,0.06996,0.073099,0.067969,0.069528,54737.822,1539647999999.0,3809.42615362,49858.0,31060.563,2159.5421941,0.0,
2018-10-16,0.069683,0.070803,0.069106,0.069521,41383.676,1539734399999.0,2881.16908946,24840.0,25660.339,1786.2775937,0.0,
2018-10-17,0.069531,0.069792,0.068154,0.068537,47788.296,1539820799999.0,3290.65746307,31102.0,29196.534,2009.78766912,0.0,
2018-10-18,0.06853,0.069468,0.066777,0.0675,45272.541,1539907199999.0,3088.37625342,29510.0,27447.825,1873.15271839,0.0,
2018-10-19,0.067501,0.06876,0.067045,0.068498,36350.365,1539993599999.0,2465.2440008,21650.0,23454.551,1590.39129967,0.0,
2018-10-20,0.068452,0.069676,0.067967,0.069137,35571.513,1540079999999.0,2439.8412348,21197.0,20974.677,1438.92382906,0.0,
2018-10-21,0.069194,0.0704,0.06881,0.0692,36711.915,1540166399999.0,2551.04421301,23780.0,22061.887,1532.67016331,0.0,
2018-10-22,0.069199,0.069661,0.068411,0.06935,23198.601,1540252799999.0,1604.57666579,17676.0,13570.367,938.94313095,0.0,
2018-10-23,0.069394,0.069517,0.067857,0.068525,17089.536,1540339199999.0,1169.93494252,16595.0,8855.252,606.28250382,0.0,
2018-10-24,0.068571,0.06924,0.068035,0.06823,14324.213,1540425599999.0,982.12747587,14413.0,8054.315,552.33079479,0.0,
2018-10-25,0.06823,0.0686,0.0681,0.06824,11474.494,1540511999999.0,784.42996145,11736.0,6306.274,431.21021113,0.0,
2018-10-26,0.06824,0.068371,0.0673,0.067901,10670.292,1540598399999.0,725.05976027,13966.0,5309.535,360.95549665,0.0,
2018-10-27,0.067901,0.067949,0.067,0.067718,9067.892,1540684799999.0,613.42715118,11046.0,4801.277,324.91715009,0.0,
2018-10-28,0.067719,0.068394,0.067582,0.068184,9155.702,1540771199999.0,620.72659861,11171.0,5566.275,377.38760997,0.0,
2018-10-29,0.068223,0.068263,0.0653,0.065964,16901.34,1540857599999.0,1126.24377187,18688.0,8155.454,544.26553695,0.0,
2018-10-30,0.06601,0.06715,0.06582,0.066869,9840.453,1540943999999.0,651.56329518,13035.0,5224.471,346.08801247,0.0,
2018-10-31,0.066869,0.067553,0.065445,0.06705,14938.04,1541030399999.0,995.6635844,18041.0,7708.492,513.6803307,0.0,
2018-11-01,0.06705,0.067162,0.0665,0.066592,10520.344,1541116799999.0,702.67891429,11994.0,6202.442,414.28520139,0.0,
2018-11-02,0.066663,0.074309,0.066502,0.072365,78393.38,1541203199999.0,5581.66013672,73633.0,39841.519,2833.83548237,0.0,
2018-11-03,0.072366,0.07652,0.071772,0.075267,54406.344,1541289599999.0,4044.17058708,55093.0,26423.149,1964.31785575,0.0,
2018-11-04,0.075267,0.091342,0.075195,0.088055,237028.017,1541375999999.0,20211.25593346,213351.0,116316.778,9933.08151187,0.0,
2018-11-05,0.088008,0.090239,0.0835,0.0871,140057.129,1541462399999.0,12131.40055637,142407.0,73417.32,6355.81304267,0.0,
2018-11-06,0.087097,0.097708,0.085841,0.097209,149062.715,1541548799999.0,13673.97737479,149932.0,76415.168,7014.37797675,0.0,
2018-11-07,0.097195,0.098202,0.0931,0.094399,118690.61,1541635199999.0,11317.17646555,117019.0,59746.075,5701.07568191,0.0,
2018-11-08,0.094397,0.09475,0.088743,0.089315,106724.304,1541721599999.0,9726.90651135,107277.0,51056.814,4655.53346429,0.0,
2018-11-09,0.089323,0.09288,0.082,0.08515,125601.784,1541807999999.0,11091.40827972,107542.0,63089.038,5575.26332109,0.0,
2018-11-10,0.085144,0.0884,0.083062,0.086977,90904.068,1541894399999.0,7805.65194479,87775.0,43237.773,3708.42021265,0.0,
2018-11-11,0.086925,0.08697,0.08079,0.083061,90396.159,1541980799999.0,7593.57259031,78113.0,43237.254,3634.75585508,0.0,
2018-11-12,0.083021,0.083989,0.078199,0.080706,140256.035,1542067199999.0,11431.37472565,113766.0,70746.052,5763.96022512,0.0,
2018-11-13,0.080705,0.0858,0.079063,0.080421,153464.385,1542153599999.0,12599.51077977,130636.0,79158.125,6498.204649,0.0,
2018-11-14,0.080461,0.082339,0.072,0.076635,137174.216,1542239999999.0,10498.85156934,115219.0,63523.845,4860.6519054,0.0,
2018-11-15,0.076542,0.08122,0.07325,0.079081,115273.621,1542299999999.0,8954.25746976,108913.0,53797.639,4183.95400876,0.0,
2018-11-20,0.079081,0.079081,0.079081,0.079081,0.0,1542682745679.0,0.0,0.0,0.0,0.0,0.0,
2018-11-20 00:00:00,0.079081,0.079081,0.079081,0.079081,,,,,,,,
2018-11-20 00:00:00,0.079081,0.079081,0.079081,0.079081,,,,,,,,BCCBTC
2018-11-20 00:00:00,0.07908100,0.07908100,0.07908100,0.07908100,,,,,,,,BCCBTC
